cylinders,displacement,horsepower,weight,acceleration,model year,origin,car name,fuel (L/100km)
4,106.0,   63.00  ,2123.0,14.7,82,1,"   ""amc hornet""",6.189736842105264
8,400.0,   150.0  ,3760.0,8.5,70,1,"   ""dodge challenger se""",15.680666666666667
4,104.0,   70.00  ,2150.0,13.9,79,1,"   ""honda civic cvcc""",6.81768115942029
4,92.0,   68.00  ,-1971.0,17.6,82,3,"   ""volvo 264gl""",7.58741935483871
6,167.0,   120.0  ,3819.0,16.7,76,2,"   ""pontiac firebird""",14.255151515151516
4,67.0,   49.00  ,1865.0,18.5,73,2,"   ""dodge colt m/m""",8.110689655172415
6,200.0,   97.00  ,2773.0,14.5,70,1,"   ""buick skylark""",13.067222222222222
4,106.0,   74.00  ,1979.0,14.3,82,2,"   ""amc pacer""",6.533611111111111
6,250.0,   88.00  ,3302.0,14.5,71,1,"   ""cadillac eldorado""",12.379473684210527
8,400.0,   170.0  ,4669.0,10.5,75,1,"   ""plymouth fury iii""",14.700625
6,200.0,   90.00  ,2648.0,14.0,70,1,"   ""chevrolet cavalier wagon""",11.200476190476191
8,303.0,   130.0  ,4295.0,14.9,77,1,"   ""ford pinto""",15.680666666666667
4,89.0,   70.00  ,1938.0,15.0,75,2,"   ""mazda 626""",8.110689655172415
8,319.0,   140.0  ,4080.0,13.7,78,1,"   ""mercury lynx l""",13.44057142857143
6,231.0,   165.0  ,3445.0,14.4,78,1,"   ""datsun 210""",13.288700564971752
6,174.0,   115.0  ,2699.0,12.9,79,1,"   ""ford pinto""",8.776492537313432
4,97.0,   78.00  ,1941.0,14.5,77,2,"   ""subaru""",8.110689655172415
4,97.0,   68.00  ,2155.0,16.5,78,1,"   ""volkswagen model 111""",7.840333333333334
4,115.0,   81.00  ,2218.0,16.9,76,2,"   ""vokswagen rabbit""",9.4084
8,351.0,   180.0  ,4498.0,13.5,73,1,"   ""toyouta corona mark ii (sw)""",19.600833333333334
8,318.0,   150.0  ,4094.0,12.0,71,1,"   ""renault 5 gtl""",16.800714285714285
4,112.0,   95.00  ,2229.0,14.0,71,3,"   ""oldsmobile cutlass ciera (diesel)""",9.4084
4,104.0,   75.00  ,2228.0,13.5,78,1,"   ""mercury marquis""",7.611974110032363
4,97.0,   ?      ,2045.0,20.0,71,1,"   ""chevrolet chevelle malibu classic""",9.4084
6,201.0,   85.00  ,3068.0,15.7,78,1,"   ""amc hornet sportabout (sw)""",11.308173076923078
8,351.0,   125.0  ,3899.0,16.4,79,1,"   ""dodge charger 2.2""",10.226521739130435
8,304.0,   140.0  ,4213.0,13.0,76,1,"   ""chevrolet malibu""",13.44057142857143
8,401.0,   190.0  ,4423.0,11.5,72,1,"   ""amc concord dl""",18.093076923076925
4,84.0,   52.00  ,2033.0,22.2,76,1,"   ""chevrolet vega (sw)""",8.110689655172415
8,401.0,   190.0  ,4324.0,11.2,77,1,"   ""amc gremlin""",15.17483870967742
8,429.0,   198.0  ,4951.0,12.5,73,1,"   ""toyota celica gt liftback""",19.600833333333334
4,105.0,   70.00  ,2201.0,12.2,79,1,"   ""audi 5000s (diesel)""",6.877485380116958
4,112.0,   88.00  ,2396.0,18.0,82,1,"   ""volkswagen rabbit""",6.917941176470588
4,119.0,   87.00  ,2978.0,18.5,72,2,"   ""honda civic""",11.200476190476191
8,350.0,   180.0  ,3663.0,11.0,73,1,"   ""plymouth champ""",21.382727272727273
6,225.0,   100.0  ,3629.0,18.7,77,1,"   ""chevrolet nova""",12.379473684210527
4,99.0,   83.00  ,2219.0,15.5,74,2,"   ""ford galaxie 500""",8.110689655172415
4,140.0,   90.00  ,2407.0,20.5,72,1,"   ""volkswagen 1131 deluxe sedan""",11.7605
8,301.0,   140.0  ,4636.0,16.0,74,1,"   ""chevrolet caprice classic""",16.800714285714285
4,91.0,   75.00  ,2107.0,15.5,74,2,"   ""volkswagen rabbit""",9.800416666666667
4,87.0,   64.00  ,1874.0,16.4,81,1,"   ""toyota mark ii""",6.031025641025641
6,258.0,   110.0  ,3633.0,18.0,74,1,"   ""datsun 210 mpg""",14.700625
8,349.0,   170.0  ,4165.0,10.4,77,1,"   ""peugeot 504""",15.17483870967742
6,181.0,   110.0  ,2943.0,16.4,82,1,"   ""chevrolet monte carlo s""",9.4084
6,155.0,   108.0  ,-2931.0,14.5,76,3,"   ""ford mustang ii 2+2""",12.379473684210527
6,250.0,   72.00  ,3159.0,20.5,75,1,"   ""plymouth horizon miser""",15.680666666666667
4,101.0,   ?      ,2318.0,15.8,81,2,"   ""amc matador (sw)""",6.81768115942029
4,96.0,   67.00  ,2144.0,17.0,80,3,"   ""fiat 128""",6.958875739644971
4,97.0,   88.00  ,2131.0,15.5,71,3,"   ""datsun 710""",8.711481481481481
4,90.0,   53.00  ,1795.0,18.5,75,3,"   ""datsun 510""",7.127575757575758
6,250.0,   105.0  ,3898.0,19.5,75,1,"   ""mercury marquis brougham""",14.700625
4,99.0,   80.00  ,1915.0,14.4,79,1,"   ""amc ambassador sst""",6.588515406162465
6,232.0,   100.0  ,2635.0,13.0,71,1,"   ""ford ranger""",12.379473684210527
4,97.0,   68.00  ,2044.0,19.5,77,3,"   ""fiat 124 sport coupe""",7.466984126984127
8,303.0,   140.0  ,-4294.0,15.0,72,1,"   ""audi 100 ls""",18.093076923076925
4,120.0,   88.00  ,3269.0,21.9,76,2,"   ""oldsmobile starfire sx""",12.379473684210527
4,150.0,   90.00  ,3003.0,21.1,80,1,"   ""ford f108""",9.679423868312757
6,201.0,   88.00  ,3060.0,16.1,81,1,"   ""plymouth satellite custom""",11.644059405940595
6,232.0,   90.00  ,3086.0,18.6,76,1,"   ""datsun 200-sx""",10.453777777777779
4,122.0,   80.00  ,2669.0,16.0,79,1,"   ""chevy s-10""",8.584306569343067
4,121.0,   98.00  ,2945.0,15.5,75,2,"   ""chrysler new yorker brougham""",10.691363636363636
4,111.0,   87.00  ,-2672.0,18.5,70,2,"   ""datsun pl510""",9.4084
4,113.0,   91.00  ,2582.0,15.0,73,2,"   ""mazda rx-7 gs""",11.7605
6,231.0,   90.00  ,3209.0,16.0,75,1,"   ""pontiac phoenix""",12.379473684210527
6,249.0,   98.00  ,3526.0,19.0,77,1,"   ""datsun 710""",12.714054054054055
4,96.0,   75.00  ,2155.0,16.4,76,3,"   ""hi 1200d""",8.400357142857143
6,259.0,   110.0  ,3730.0,20.0,75,1,"   ""oldsmobile cutlass salon brougham""",15.680666666666667
4,80.0,   60.00  ,1761.0,15.100000000000001,81,3,"   ""volkswagen type 3""",6.701139601139601
6,226.0,   105.0  ,3612.0,17.5,74,1,"   ""amc concord""",13.067222222222222
8,352.0,   142.0  ,4052.0,13.3,79,1,"   ""chevrolet chevette""",15.17483870967742
4,99.0,   80.00  ,2165.0,15.0,72,1,"   ""plymouth horizon 4""",8.400357142857143
4,135.0,   95.00  ,2559.0,15.2,78,3,"   ""amc matador""",8.55309090909091
4,89.0,   62.00  ,1845.0,15.3,80,2,"   ""ford ltd""",7.892953020134228
4,135.0,   95.00  ,2515.0,13.8,78,3,"   ""plymouth volare""",11.14739336492891
4,84.0,   70.00  ,2071.0,19.6,78,3,"   ""dodge colt hardtop""",5.969796954314721
8,351.0,   180.0  ,4378.0,13.1,76,1,"   ""ford maverick""",14.255151515151516
5,182.0,   77.00  ,3528.0,19.1,79,2,"   ""dodge aries wagon (sw)""",9.260236220472441
6,167.0,   132.0  ,2910.0,12.4,80,3,"   ""honda civic""",7.192966360856269
4,140.0,   80.00  ,3231.0,20.4,81,2,"   ""bmw 2002""",8.370462633451957
8,308.0,   130.0  ,4097.0,15.0,72,1,"   ""ford gran torino (sw)""",18.093076923076925
4,98.0,   60.00  ,1832.0,20.0,71,2,"   ""chrysler lebaron town @ country (sw)""",8.711481481481481
4,108.0,   75.00  ,2264.0,15.2,80,3,"   ""toyota tercel""",7.304658385093167
8,351.0,   175.0  ,4099.0,12.0,73,1,"   ""peugeot 504 (sw)""",18.093076923076925
4,106.0,   74.00  ,2191.0,13.2,81,2,"   ""chevrolet chevette""",7.127575757575758
8,351.0,   148.0  ,4657.0,13.5,75,1,"   ""mazda glc""",16.800714285714285
4,114.0,   95.00  ,2694.0,15.0,75,2,"   ""chevrolet impala""",10.226521739130435
4,99.0,   68.00  ,2136.0,16.6,78,3,"   ""ford thunderbird""",7.973220338983051
4,90.0,   71.00  ,2224.0,17.5,75,2,"   ""plymouth fury""",9.4084
4,152.0,   90.00  ,2554.0,14.2,79,1,"   ""dodge colt""",7.021194029850746
8,349.0,   145.0  ,4080.0,14.0,73,1,"   ""mazda rx-4""",15.680666666666667
4,152.0,   88.00  ,2739.0,15.0,77,1,"   ""nissan stanza xe""",9.600408163265307
6,250.0,   100.0  ,3327.0,16.5,71,1,"   ""volkswagen dasher""",13.835882352941177
6,263.0,   85.00  ,3013.0,18.0,82,1,"   ""buick century""",6.189736842105264
6,233.0,   100.0  ,3289.0,15.5,71,1,"   ""ford country squire (sw)""",13.067222222222222
6,225.0,   105.0  ,3437.0,15.5,71,1,"   ""mazda rx2 coupe""",14.700625
8,350.0,   165.0  ,3691.0,12.5,70,1,"   ""dodge coronet brougham""",15.680666666666667
6,230.0,   105.0  ,3380.0,16.8,78,1,"   ""chevrolet chevelle concours (sw)""",11.417961165048544
4,96.0,   46.00  ,1951.0,22.0,73,2,"   ""buick estate wagon (sw)""",9.046538461538463
4,98.0,   78.00  ,-2190.0,15.100000000000001,77,2,"   ""plymouth volare custom""",7.711803278688524
4,152.0,   ?      ,3036.0,20.5,82,1,"   ""ford mustang ii""",10.226521739130435
6,199.0,   95.00  ,2905.0,17.0,73,1,"   ""dodge magnum xe""",10.226521739130435
4,109.0,   93.00  ,2389.0,14.5,74,3,"   ""dodge aspen""",9.046538461538463
6,146.0,   97.00  ,2816.0,14.5,77,3,"   ""cadillac seville""",10.691363636363636
6,156.0,   122.0  ,2805.0,13.5,73,3,"   ""opel manta""",11.7605
4,157.0,   105.0  ,2798.0,13.4,80,1,"   ""maxda glc deluxe""",8.430465949820789
8,302.0,   139.0  ,3568.0,11.8,78,1,"   ""chevrolet woody""",11.644059405940595
4,120.0,   79.00  ,2626.0,18.6,82,1,"   ""toyota corolla 1200""",8.400357142857143
4,111.0,   88.00  ,2606.0,18.6,82,1,"   ""plymouth fury iii""",8.400357142857143
4,135.0,   84.00  ,2370.0,13.0,82,1,"   ""chevroelt chevelle malibu""",6.533611111111111
8,360.0,   215.0  ,4613.0,14.0,70,1,"   ""ford gran torino""",23.521
4,99.0,   76.00  ,2144.0,15.7,80,2,"   ""plymouth volare premier v8""",5.667710843373494
4,85.0,   65.00  ,1976.0,18.4,81,3,"   ""toyota corona liftback""",6.357027027027027
6,233.0,   90.00  ,3265.0,18.2,79,1,"   ""chevrolet nova""",11.644059405940595
4,88.0,   60.00  ,1966.0,18.8,80,3,"   ""mercedes-benz 240d""",6.173490813648294
6,258.0,   110.0  ,2963.0,14.5,71,1,"   ""chevrolet citation""",13.067222222222222
6,163.0,   133.0  ,3410.0,14.8,78,2,"   ""buick skylark""",14.519135802469137
8,259.0,   110.0  ,4061.0,18.0,77,1,"   ""pontiac catalina brougham""",13.835882352941177
4,151.0,   90.00  ,2679.0,15.5,80,1,"   ""peugeot 504""",8.400357142857143
4,157.0,   92.00  ,2586.0,13.5,82,1,"   ""amc matador""",9.046538461538463
4,97.0,   88.00  ,2278.0,19.0,73,3,"   ""datsun 810""",11.7605
4,90.0,   67.00  ,1963.0,15.7,82,3,"   ""toyota corolla""",7.3503125
8,306.0,   145.0  ,3881.0,13.5,77,1,"   ""honda accord""",13.44057142857143
8,319.0,   150.0  ,3940.0,13.2,76,1,"   ""pontiac catalina""",18.093076923076925
6,249.0,   78.00  ,3575.0,20.0,76,1,"   ""subaru""",13.067222222222222
4,98.0,   70.00  ,2121.0,15.5,80,1,"   ""oldsmobile vista cruiser""",7.327414330218068
4,107.0,   86.00  ,2463.0,15.5,76,2,"   ""ford granada l""",8.400357142857143
4,92.0,   67.00  ,1963.0,15.0,82,3,"   ""amc gremlin""",6.189736842105264
4,88.0,   71.00  ,-1991.0,15.899999999999999,78,2,"   ""peugeot 504""",7.466984126984127
6,233.0,   100.0  ,2901.0,16.0,74,1,"   ""datsun 310 gx""",12.379473684210527
6,251.0,   105.0  ,3457.0,16.0,75,1,"   ""chevrolet malibu classic (sw)""",13.067222222222222
4,115.0,   75.00  ,2244.0,13.0,74,2,"   ""mercury monarch ghia""",9.046538461538463
4,122.0,   85.00  ,2309.0,18.5,73,1,"   ""plymouth cricket""",12.379473684210527
8,317.0,   150.0  ,3398.0,11.0,73,1,"   ""chrysler newport royal""",15.680666666666667
4,103.0,   95.00  ,2376.0,17.5,70,2,"   ""buick skylark 320""",9.4084
8,384.0,   180.0  ,4953.0,12.5,71,1,"   ""amc gremlin""",19.600833333333334
4,84.0,   65.00  ,2108.0,18.2,80,3,"   ""plymouth horizon tc3""",5.7649509803921575
8,455.0,   220.0  ,4354.0,9.0,70,1,"   ""chevrolet impala""",16.800714285714285
8,318.0,   150.0  ,4235.0,15.5,73,1,"   ""amc hornet""",16.800714285714285
4,156.0,   105.0  ,2746.0,16.7,78,1,"   ""pontiac astro""",10.138362068965519
8,302.0,   137.0  ,4041.0,13.5,73,1,"   ""datsun f-10 hatchback""",16.800714285714285
4,135.0,   90.00  ,2711.0,14.5,80,3,"   ""peugeot 304""",7.892953020134228
4,116.0,   90.00  ,2124.0,15.0,71,2,"   ""honda civic 1300""",8.400357142857143
4,123.0,   86.00  ,2393.0,16.0,72,1,"   ""plymouth grand fury""",10.691363636363636
8,319.0,   150.0  ,3434.0,12.0,70,1,"   ""saab 99le""",13.067222222222222
8,360.0,   150.0  ,3938.0,14.0,79,1,"   ""dodge d100""",12.714054054054055
6,225.0,   100.0  ,3430.0,17.2,78,1,"   ""chevrolet caprice classic""",11.473658536585367
6,201.0,   81.00  ,3012.0,17.6,76,1,"   ""mercury zephyr 6""",9.800416666666667
4,82.0,   61.00  ,2003.0,19.0,74,3,"   ""maxda rx3""",7.3503125
4,73.0,   69.00  ,1614.0,18.0,71,3,"   ""amc hornet""",6.720285714285715
8,350.0,   149.0  ,4333.0,14.5,77,1,"   ""plymouth satellite custom (sw)""",14.700625
8,303.0,   150.0  ,3670.0,12.5,72,1,"   ""ford galaxie 500""",13.835882352941177
4,112.0,   88.00  ,2641.0,18.6,82,1,"   ""volkswagen rabbit custom""",8.711481481481481
8,308.0,   200.0  ,4375.0,15.0,70,1,"   ""ford maverick""",23.521
8,350.0,   145.0  ,4054.0,11.0,76,1,"   ""mercury zephyr""",18.093076923076925
4,97.0,   65.00  ,2378.0,21.7,81,1,"   ""honda accord""",7.866555183946489
4,80.0,   67.00  ,1999.0,15.0,74,2,"   ""ford fairmont futura""",7.58741935483871
4,97.0,   79.00  ,2254.0,18.7,76,1,"   ""ford fairmont 4""",9.046538461538463
4,142.0,   71.00  ,3189.0,23.8,79,2,"   ""mercedes-benz 280s""",8.647426470588236
4,121.0,   110.0  ,2659.0,14.0,73,2,"   ""chevrolet chevelle malibu""",9.800416666666667
8,359.0,   175.0  ,3822.0,10.0,73,1,"   ""datsun 280-zx""",18.093076923076925
8,351.0,   152.0  ,4215.0,13.8,76,1,"   ""datsun b210""",16.22137931034483
4,135.0,   84.00  ,2294.0,12.6,82,1,"   ""oldsmobile cutlass supreme""",7.3503125
4,98.0,   88.00  ,2100.0,17.5,72,3,"   ""toyota corona""",8.711481481481481
4,76.0,   52.00  ,1649.0,15.5,74,3,"   ""buick opel isuzu deluxe""",7.58741935483871
5,130.0,   103.0  ,2829.0,16.9,78,2,"   ""chevrolet chevette""",11.586699507389163
4,92.0,   69.00  ,2129.0,13.7,79,2,"   ""fiat 128""",6.305898123324398
4,150.0,   90.00  ,2948.0,18.3,82,1,"   ""datsun b-210""",8.711481481481481
4,89.0,   75.00  ,2126.0,14.5,74,1,"   ""subaru dl""",8.400357142857143
4,122.0,   86.00  ,2225.0,17.5,72,1,"   ""dodge colt""",11.200476190476191
4,97.0,   60.00  ,-2164.0,23.1,76,1,"   ""toyota corolla liftback""",9.600408163265307
8,349.0,   155.0  ,4502.0,14.5,72,1,"   ""ford maverick""",18.093076923076925
4,95.0,   69.00  ,2187.0,17.0,72,2,"   ""ford granada gl""",9.046538461538463
4,80.0,   67.00  ,1950.0,18.0,74,3,"   ""dodge monaco (sw)""",7.58741935483871
8,428.0,   208.0  ,4634.0,10.0,72,1,"   ""amc pacer d/l""",21.382727272727273
4,120.0,   74.00  ,2633.0,17.3,81,3,"   ""fiat strada custom""",7.443354430379746
6,197.0,   95.00  ,3102.0,15.5,74,1,"   ""chevrolet citation""",11.7605
4,150.0,   90.00  ,2735.0,17.0,82,1,"   ""pontiac phoenix lj""",8.711481481481481
8,302.0,   129.0  ,3167.0,11.0,75,1,"   ""plymouth valiant custom""",18.093076923076925
6,225.0,   105.0  ,3120.0,16.5,73,1,"   ""toyota corolla tercel""",13.067222222222222
4,122.0,   96.00  ,2299.0,15.5,77,1,"   ""saab 99le""",9.223921568627452
4,107.0,   75.00  ,2203.0,15.5,82,3,"   ""pontiac sunbird coupe""",6.533611111111111
4,120.0,   115.0  ,2671.0,13.5,75,2,"   ""toyota corona hardtop""",9.4084
6,232.0,   115.0  ,3245.0,14.4,79,1,"   ""ford pinto runabout""",10.94
6,201.0,   95.00  ,3153.0,18.2,78,1,"   ""toyota corona""",11.473658536585367
4,89.0,   76.00  ,2063.0,13.5,71,2,"   ""amc spirit dl""",7.840333333333334
4,120.0,   88.00  ,2161.0,15.5,82,3,"   ""fiat 124b""",6.533611111111111
4,79.0,   67.00  ,1962.0,14.5,74,2,"   ""mazda glc 4""",9.046538461538463
4,139.0,   92.00  ,2571.0,14.9,76,1,"   ""datsun 310""",9.4084
4,152.0,   90.00  ,2670.0,16.0,79,1,"   ""audi 4000""",8.282042253521128
4,122.0,   76.00  ,2511.0,19.0,72,2,"   ""volkswagen super beetle""",10.691363636363636
4,121.0,   97.00  ,2505.0,13.5,72,3,"   ""datsun 610""",10.226521739130435
4,155.0,   92.00  ,2618.0,15.399999999999999,81,1,"   ""volkswagen dasher""",9.116666666666667
4,112.0,   80.00  ,2156.0,15.8,77,1,"   ""chrysler lebaron medallion""",7.840333333333334
4,108.0,   70.00  ,2243.0,17.9,82,3,"   ""chevy c10""",6.917941176470588
8,318.0,   210.0  ,4381.0,14.5,70,1,"   ""dodge colt (sw)""",21.382727272727273
4,122.0,   88.00  ,2500.0,15.100000000000001,80,2,"   ""dodge aries se""",6.720285714285715
6,226.0,   100.0  ,3649.0,16.7,76,1,"   ""plymouth valiant""",11.7605
8,439.0,   215.0  ,4733.0,11.0,73,1,"   ""amc matador""",18.093076923076925
6,200.0,   85.00  ,2963.0,16.8,78,1,"   ""volkswagen jetta""",11.644059405940595
4,96.0,   75.00  ,2266.0,17.2,77,3,"   ""ford mustang""",9.046538461538463
4,122.0,   113.0  ,2235.0,13.5,70,2,"   ""chevrolet chevelle malibu""",9.046538461538463
4,108.0,   90.00  ,2430.0,14.5,70,2,"   ""toyota corolla""",9.800416666666667
4,121.0,   97.00  ,2487.0,14.0,74,3,"   ""saab 99gle""",9.800416666666667
8,305.0,   130.0  ,3838.0,14.4,79,1,"   ""mercury capri 2000""",13.835882352941177
6,172.0,   115.0  ,2596.0,11.3,79,1,"   ""ford maverick""",8.167013888888889
4,72.0,   65.00  ,1835.0,22.0,74,3,"   ""ford gran torino""",7.3503125
4,140.0,   72.00  ,2407.0,20.0,71,1,"   ""plymouth reliant""",10.691363636363636
6,232.0,   105.0  ,3425.0,17.9,77,1,"   ""volvo 245""",11.473658536585367
4,129.0,   102.0  ,3150.0,15.7,76,2,"   ""vw rabbit custom""",11.7605
6,225.0,   95.00  ,3786.0,19.0,75,1,"   ""chevrolet monte carlo landau""",13.067222222222222
4,89.0,   48.00  ,1985.0,21.5,78,2,"   ""mazda glc deluxe""",5.457308584686775
3,69.0,   97.00  ,2329.0,14.5,72,3,"   ""chrysler cordoba""",12.379473684210527
4,84.0,   ?      ,1836.0,16.3,80,2,"   ""volkswagen rabbit custom diesel""",5.750855745721272
4,140.0,   ?      ,2906.0,13.3,80,1,"   ""ford mustang cobra""",9.966525423728813
8,304.0,   145.0  ,3424.0,12.2,78,1,"   ""plymouth duster""",12.250520833333335
4,121.0,   112.0  ,2869.0,16.5,73,2,"   ""amc concord d/l""",12.379473684210527
4,97.0,   78.00  ,2186.0,16.8,80,2,"   ""pontiac catalina""",6.857434402332363
4,90.0,   70.00  ,1937.0,15.2,76,2,"   ""honda civic""",8.110689655172415
8,319.0,   140.0  ,3735.0,13.2,78,1,"   ""ford fiesta""",12.124226804123712
4,114.0,   95.00  ,2373.0,16.0,70,3,"   ""vw rabbit""",9.800416666666667
4,85.0,   65.00  ,2018.0,19.2,79,3,"   ""toyota corolla""",7.396540880503145
8,303.0,   150.0  ,3432.0,13.0,70,1,"   ""chevrolet vega""",14.700625
8,305.0,   193.0  ,4733.0,19.5,70,1,"   ""toyota cressida""",26.134444444444444
6,156.0,   107.0  ,2471.0,15.0,73,1,"   ""chevrolet concours""",11.200476190476191
8,352.0,   158.0  ,4362.0,14.0,73,1,"   ""mazda glc custom l""",18.093076923076925
6,232.0,   110.0  ,3414.0,14.8,81,1,"   ""dodge aspen""",10.50044642857143
4,98.5,   80.00  ,2125.0,17.0,72,1,"   ""audi 100ls""",9.4084
4,119.0,   97.00  ,2545.0,16.0,75,3,"   ""plymouth custom suburb""",9.800416666666667
8,350.0,   150.0  ,4697.0,15.5,74,1,"   ""oldsmobile omega brougham""",18.093076923076925
8,302.0,   130.0  ,3868.0,16.0,76,1,"   ""honda civic (auto)""",18.093076923076925
8,401.0,   180.0  ,4218.0,12.1,77,1,"   ""peugeot 504""",14.700625
6,250.0,   100.0  ,3282.0,16.0,71,1,"   ""toyota corolla 1600 (sw)""",12.379473684210527
6,172.0,   97.00  ,2985.0,14.5,75,1,"   ""honda accord cvcc""",13.067222222222222
4,140.0,   88.00  ,-2888.0,17.3,79,1,"   ""volkswagen dasher""",10.547533632286996
6,146.0,   120.0  ,2929.0,14.8,81,3,"   ""toyota carina""",9.719421487603306
4,120.0,   115.0  ,2794.0,15.7,78,2,"   ""buick regal sport coupe (turbo)""",10.88935185185185
4,105.0,   63.00  ,2216.0,13.9,81,1,"   ""renault lecar deluxe""",6.778386167146974
8,382.0,   170.0  ,3564.0,9.0,70,1,"   ""mazda 626""",15.680666666666667
4,141.0,   90.00  ,2264.0,16.5,71,1,"   ""plymouth horizon""",8.400357142857143
4,113.0,   85.00  ,2576.0,15.2,82,1,"   ""ford pinto""",7.58741935483871
6,226.0,   100.0  ,3232.0,15.399999999999999,76,1,"   ""datsun 510 hatchback""",10.691363636363636
6,145.0,   76.00  ,3161.0,20.6,81,2,"   ""buick skylark limited""",7.66156351791531
6,225.0,   95.00  ,3263.0,15.0,75,1,"   ""datsun 510 (sw)""",12.379473684210527
4,98.0,   71.00  ,1823.0,13.2,76,2,"   ""honda civic cvcc""",7.973220338983051
4,92.0,   60.00  ,1799.0,15.399999999999999,78,3,"   ""opel 1900""",6.515512465373961
4,119.0,   97.00  ,2404.0,14.9,78,3,"   ""plymouth reliant""",9.84142259414226
8,305.0,   150.0  ,4257.0,16.5,74,1,"   ""dodge dart custom""",16.800714285714285
8,400.0,   230.0  ,4277.0,9.5,73,1,"   ""ford maverick""",14.700625
8,308.0,   130.0  ,3504.0,13.0,70,1,"   ""dodge d200""",13.067222222222222
8,260.0,   90.00  ,3418.0,22.2,79,1,"   ""chevrolet chevelle malibu classic""",9.84142259414226
4,108.0,   75.00  ,2208.0,15.399999999999999,81,3,"   ""oldsmobile cutlass salon brougham""",6.979525222551929
5,121.0,   67.00  ,2948.0,18.9,80,2,"   ""ford ltd""",6.461813186813187
4,90.0,   67.00  ,1850.0,14.8,80,3,"   ""plymouth duster""",5.273766816143498
4,99.0,   83.00  ,2076.0,16.9,77,1,"   ""vw pickup""",7.021194029850746
4,86.0,   65.00  ,1975.0,16.2,79,3,"   ""renault 12tl""",6.897653958944281
8,400.0,   150.0  ,4996.0,13.0,73,1,"   ""chevrolet caprice classic""",21.382727272727273
8,439.0,   215.0  ,4310.0,8.5,70,1,"   ""datsun 200sx""",16.800714285714285
4,119.0,   75.00  ,2540.0,16.5,80,3,"   ""pontiac j2000 se hatchback""",7.514696485623003
6,226.0,   110.0  ,3358.0,15.600000000000001,79,1,"   ""saab 99e""",11.417961165048544
6,232.0,   100.0  ,2945.0,17.0,73,1,"   ""chrysler lebaron salon""",13.067222222222222
6,232.0,   110.0  ,3037.0,15.0,75,1,"   ""volvo 144ea""",11.200476190476191
8,350.0,   165.0  ,4275.0,11.0,72,1,"   ""buick lesabre custom""",18.093076923076925
8,302.0,   139.0  ,3206.0,12.2,78,1,"   ""ford f250""",12.995027624309392
4,96.0,   67.00  ,1985.0,17.4,77,3,"   ""pontiac grand prix lj""",7.840333333333334
8,359.0,   170.0  ,4653.0,14.0,73,1,"   ""datsun 210""",18.093076923076925
4,80.0,   58.00  ,1756.0,17.9,81,3,"   ""honda accord lx""",6.0156010230179024
6,233.0,   100.0  ,2787.0,15.0,73,1,"   ""volkswagen scirocco""",13.067222222222222
8,319.0,   145.0  ,4138.0,13.7,77,1,"   ""dodge coronet custom (sw)""",15.17483870967742
4,120.0,   112.0  ,2933.0,15.5,72,2,"   ""plymouth fury gran sedan""",13.067222222222222
6,200.0,   ?      ,2876.0,18.0,74,1,"   ""ford mustang gl""",11.200476190476191
6,163.0,   125.0  ,3139.0,13.6,78,2,"   ""buick century""",13.835882352941177
8,259.0,   110.0  ,3363.0,15.5,78,1,"   ""vw dasher (diesel)""",11.81959798994975
4,145.0,   67.00  ,3251.0,21.8,80,2,"   ""chevrolet nova""",7.840333333333334
8,399.0,   175.0  ,5141.0,13.0,71,1,"   ""toyota starlet""",18.093076923076925
4,98.0,   54.00  ,2253.0,23.5,72,2,"   ""dodge colt""",10.226521739130435
4,91.0,   68.00  ,2025.0,18.2,82,3,"   ""subaru dl""",6.357027027027027
4,136.0,   84.00  ,2526.0,15.0,82,1,"   ""datsun 1200""",8.110689655172415
8,301.0,   140.0  ,4140.0,15.0,74,1,"   ""peugeot 505s turbo diesel""",14.700625
3,70.0,   90.00  ,2124.0,14.5,73,3,"   ""oldsmobile omega""",13.067222222222222
4,152.0,   84.00  ,2636.0,17.4,81,1,"   ""ford granada ghia""",8.84248120300752
4,123.0,   86.00  ,2220.0,15.0,71,1,"   ""volvo 244dl""",10.226521739130435
4,145.0,   96.00  ,2663.0,12.9,82,3,"   ""mercury monarch""",7.3503125
8,430.0,   198.0  ,4340.0,11.0,70,1,"   ""chevy c20""",15.680666666666667
4,109.0,   94.00  ,-2377.0,16.5,73,3,"   ""mercury cougar brougham""",10.691363636363636
6,251.0,   105.0  ,3353.0,13.5,76,1,"   ""volvo 145e (sw)""",10.691363636363636
4,86.0,   70.00  ,1943.0,15.8,77,3,"   ""oldsmobile delta 88 royale""",7.021194029850746
6,225.0,   90.00  ,3380.0,19.7,80,1,"   ""plymouth valiant""",12.314659685863873
4,98.0,   66.00  ,1799.0,15.399999999999999,78,1,"   ""toyota mark ii""",6.515512465373961
4,140.0,   86.00  ,2791.0,16.6,82,1,"   ""mercury capri v6""",8.711481481481481
4,140.0,   75.00  ,2542.0,18.0,74,1,"   ""chevrolet monte carlo landau""",9.4084
8,350.0,   153.0  ,4154.0,12.5,71,1,"   ""toyota corolla 1200""",16.800714285714285
8,317.0,   150.0  ,4075.0,13.0,72,1,"   ""pontiac lemans v6""",16.800714285714285
8,351.0,   145.0  ,3987.0,14.0,73,1,"   ""volvo diesel""",18.093076923076925
8,399.0,   175.0  ,4383.0,12.0,72,1,"   ""mercury grand marquis""",16.800714285714285
4,89.0,   48.00  ,2335.0,24.7,80,2,"   ""plymouth fury iii""",5.419585253456222
4,106.0,   72.00  ,2288.0,17.0,80,3,"   ""plymouth satellite""",7.259567901234568
8,341.0,   160.0  ,-3610.0,9.0,70,1,"   ""dodge st. regis""",16.800714285714285
4,98.0,   65.00  ,2045.0,17.2,81,1,"   ""chevrolet impala""",6.8375
